KMEANS_RESULTS,1,20000000,10,10,10,normal,200,1e-09,2,R_sequential,4.4.1,20.014,95.391,115.405
KMEANS_RESULTS,1,20000000,10,10,10,normal,200,1e-09,2,R_sequential,4.4.1,19.741,93.698,113.439
KMEANS_RESULTS,1,20000000,10,10,20,normal,200,1e-09,2,R_sequential,4.4.1,20.41,93.846,114.256
KMEANS_RESULTS,1,20000000,10,10,20,normal,200,1e-09,2,R_sequential,4.4.1,20.51,86.606,107.116
KMEANS_RESULTS,1,20000000,10,10,40,normal,200,1e-09,2,R_sequential,4.4.1,19.998,82.097,102.095
KMEANS_RESULTS,1,20000000,10,10,40,normal,200,1e-09,2,R_sequential,4.4.1,19.534,82.012,101.546
KMEANS_RESULTS,1,30000000,10,10,10,normal,200,1e-09,2,R_sequential,4.4.1,32.209,153.917,186.126
KMEANS_RESULTS,1,30000000,10,10,10,normal,200,1e-09,2,R_sequential,4.4.1,31.602,153.312,184.914
KMEANS_RESULTS,1,30000000,10,10,20,normal,200,1e-09,2,R_sequential,4.4.1,32.221,146.98,179.201
KMEANS_RESULTS,1,30000000,10,10,20,normal,200,1e-09,2,R_sequential,4.4.1,31.746,146.417,178.163
KMEANS_RESULTS,1,30000000,10,10,30,normal,200,1e-09,2,R_sequential,4.4.1,32.036,134.971,167.007
KMEANS_RESULTS,1,30000000,10,10,30,normal,200,1e-09,2,R_sequential,4.4.1,31.665,136.019,167.684
KMEANS_RESULTS,1,30000000,10,10,40,normal,200,1e-09,2,R_sequential,4.4.1,32.645,146.014,178.659
KMEANS_RESULTS,1,30000000,10,10,40,normal,200,1e-09,2,R_sequential,4.4.1,32.509,135.326,167.835
KMEANS_RESULTS,1,40000000,10,10,10,normal,200,1e-09,2,R_sequential,4.4.1,43.242,206.292,249.534
KMEANS_RESULTS,1,40000000,10,10,10,normal,200,1e-09,2,R_sequential,4.4.1,42.536,211.873,254.409
KMEANS_RESULTS,1,40000000,10,10,20,normal,200,1e-09,2,R_sequential,4.4.1,43.545,197.923,241.468
KMEANS_RESULTS,1,40000000,10,10,20,normal,200,1e-09,2,R_sequential,4.4.1,43.111,207.081,250.192
KMEANS_RESULTS,1,40000000,10,10,40,normal,200,1e-09,2,R_sequential,4.4.1,43.701,181.527,225.228
KMEANS_RESULTS,1,40000000,10,10,40,normal,200,1e-09,2,R_sequential,4.4.1,43.597,180.673,224.27
KMEANS_RESULTS,1,50000000,10,10,10,normal,200,1e-09,2,R_sequential,4.4.1,54.866,264.589,319.455
KMEANS_RESULTS,1,50000000,10,10,10,normal,200,1e-09,2,R_sequential,4.4.1,54.972,261.986,316.958
KMEANS_RESULTS,1,50000000,10,10,20,normal,200,1e-09,2,R_sequential,4.4.1,54.834,250.503,305.337
KMEANS_RESULTS,1,50000000,10,10,20,normal,200,1e-09,2,R_sequential,4.4.1,54.378,252.291,306.669
KMEANS_RESULTS,1,50000000,10,10,40,normal,200,1e-09,2,R_sequential,4.4.1,53.066,234.701,287.767
KMEANS_RESULTS,1,50000000,10,10,40,normal,200,1e-09,2,R_sequential,4.4.1,52.619,231.622,284.241
KMEANS_RESULTS,1,60000000,10,10,10,normal,200,1e-09,2,R_sequential,4.4.1,63.885,307.239,371.124
KMEANS_RESULTS,1,60000000,10,10,10,normal,200,1e-09,2,R_sequential,4.4.1,64.014,307.282,371.296
KMEANS_RESULTS,1,60000000,10,10,20,normal,200,1e-09,2,R_sequential,4.4.1,69.071,301.799,370.87
KMEANS_RESULTS,1,60000000,10,10,20,normal,200,1e-09,2,R_sequential,4.4.1,64.04,298.017,362.057
KMEANS_RESULTS,1,60000000,10,10,30,normal,200,1e-09,2,R_sequential,4.4.1,63.914,300.652,364.566
KMEANS_RESULTS,1,60000000,10,10,30,normal,200,1e-09,2,R_sequential,4.4.1,63.6,302.869,366.469
KMEANS_RESULTS,1,60000000,10,10,40,normal,200,1e-09,2,R_sequential,4.4.1,69.721,302.45,372.171
KMEANS_RESULTS,1,60000000,10,10,40,normal,200,1e-09,2,R_sequential,4.4.1,64.588,283.036,347.624
KMEANS_RESULTS,1,70000000,10,10,10,normal,200,1e-09,2,R_sequential,4.4.1,75.631,363.478,439.109
KMEANS_RESULTS,1,70000000,10,10,10,normal,200,1e-09,2,R_sequential,4.4.1,74.779,365.36,440.139
KMEANS_RESULTS,1,70000000,10,10,20,normal,200,1e-09,2,R_sequential,4.4.1,75.994,351.235,427.229
KMEANS_RESULTS,1,70000000,10,10,20,normal,200,1e-09,2,R_sequential,4.4.1,75.16,353.068,428.228
KMEANS_RESULTS,1,70000000,10,10,40,normal,200,1e-09,2,R_sequential,4.4.1,78.816,340.098,418.914
KMEANS_RESULTS,1,70000000,10,10,40,normal,200,1e-09,2,R_sequential,4.4.1,76.048,338.825,414.873
KMEANS_RESULTS,1,80000000,10,10,10,normal,200,1e-09,2,R_sequential,4.4.1,93.023,417.621,510.644
KMEANS_RESULTS,1,80000000,10,10,10,normal,200,1e-09,2,R_sequential,4.4.1,87.297,417.996,505.293
KMEANS_RESULTS,1,80000000,10,10,20,normal,200,1e-09,2,R_sequential,4.4.1,89.393,414.031,503.424
KMEANS_RESULTS,1,80000000,10,10,20,normal,200,1e-09,2,R_sequential,4.4.1,86.591,405.822,492.413
KMEANS_RESULTS,1,80000000,10,10,40,normal,200,1e-09,2,R_sequential,4.4.1,94.889,405.866,500.755
KMEANS_RESULTS,1,80000000,10,10,40,normal,200,1e-09,2,R_sequential,4.4.1,87.756,385.56,473.316
KMEANS_RESULTS,1,90000000,10,10,10,normal,200,1e-09,2,R_sequential,4.4.1,102.652,473.073,575.725
KMEANS_RESULTS,1,90000000,10,10,10,normal,200,1e-09,2,R_sequential,4.4.1,98.996,468.836,567.832
KMEANS_RESULTS,1,90000000,10,10,20,normal,200,1e-09,2,R_sequential,4.4.1,99.199,461.84,561.039
KMEANS_RESULTS,1,90000000,10,10,20,normal,200,1e-09,2,R_sequential,4.4.1,98.928,464.76,563.688
KMEANS_RESULTS,1,90000000,10,10,30,normal,200,1e-09,2,R_sequential,4.4.1,98.263,455.954,554.217
KMEANS_RESULTS,1,90000000,10,10,30,normal,200,1e-09,2,R_sequential,4.4.1,99.058,453.55,552.608
KMEANS_RESULTS,1,90000000,10,10,40,normal,200,1e-09,2,R_sequential,4.4.1,104.074,445.52,549.594
KMEANS_RESULTS,1,90000000,10,10,40,normal,200,1e-09,2,R_sequential,4.4.1,99.691,436.377,536.068
KMEANS_RESULTS,1,100000000,10,10,10,normal,200,1e-09,2,R_sequential,4.4.1,110.323,530.992,641.315
KMEANS_RESULTS,1,100000000,10,10,10,normal,200,1e-09,2,R_sequential,4.4.1,111.466,535.878,647.344
KMEANS_RESULTS,1,100000000,10,10,20,normal,200,1e-09,2,R_sequential,4.4.1,115.662,513.582,629.244
KMEANS_RESULTS,1,100000000,10,10,20,normal,200,1e-09,2,R_sequential,4.4.1,110.967,520.941,631.908
KMEANS_RESULTS,1,100000000,10,10,40,normal,200,1e-09,2,R_sequential,4.4.1,114.01,495.445,609.455
KMEANS_RESULTS,1,100000000,10,10,40,normal,200,1e-09,2,R_sequential,4.4.1,110.751,492.16,602.911
KMEANS_RESULTS,1,20000000,10,10,10,normal,200,1e-09,2,RCOMPSs,4.3.1,20.451,15.748,36.199
KMEANS_RESULTS,1,20000000,10,10,10,normal,200,1e-09,2,RCOMPSs,4.3.1,20.155,13.4,33.555
KMEANS_RESULTS,1,20000000,10,10,20,normal,200,1e-09,2,RCOMPSs,4.3.1,20.295,10.252,30.547
KMEANS_RESULTS,1,20000000,10,10,20,normal,200,1e-09,2,RCOMPSs,4.3.1,20.079,8.932,29.011
KMEANS_RESULTS,1,20000000,10,10,40,normal,200,1e-09,2,RCOMPSs,4.3.1,21.299,9.257,30.556
KMEANS_RESULTS,1,20000000,10,10,40,normal,200,1e-09,2,RCOMPSs,4.3.1,20.117,6.652,26.769
KMEANS_RESULTS,1,30000000,10,10,10,normal,200,1e-09,2,RCOMPSs,4.3.1,35.006,22.747,57.753
KMEANS_RESULTS,1,30000000,10,10,10,normal,200,1e-09,2,RCOMPSs,4.3.1,31.286,20.543,51.829
KMEANS_RESULTS,1,30000000,10,10,20,normal,200,1e-09,2,RCOMPSs,4.3.1,32.018,15.906,47.924
KMEANS_RESULTS,1,30000000,10,10,20,normal,200,1e-09,2,RCOMPSs,4.3.1,30.175,14.654,44.829
KMEANS_RESULTS,1,30000000,10,10,30,normal,200,1e-09,2,RCOMPSs,4.3.1,32.184,13.675,45.86
KMEANS_RESULTS,1,30000000,10,10,30,normal,200,1e-09,2,RCOMPSs,4.3.1,29.734,12.822,42.556
KMEANS_RESULTS,1,30000000,10,10,40,normal,200,1e-09,2,RCOMPSs,4.3.1,33.041,12.703,45.744
KMEANS_RESULTS,1,30000000,10,10,40,normal,200,1e-09,2,RCOMPSs,4.3.1,30.36,11.34,41.7
KMEANS_RESULTS,1,40000000,10,10,10,normal,200,1e-09,2,RCOMPSs,4.3.1,43.192,28.898,72.09
KMEANS_RESULTS,1,40000000,10,10,10,normal,200,1e-09,2,RCOMPSs,4.3.1,41.139,28.725,69.864
KMEANS_RESULTS,1,40000000,10,10,20,normal,200,1e-09,2,RCOMPSs,4.3.1,47.159,20.287,67.446
KMEANS_RESULTS,1,40000000,10,10,20,normal,200,1e-09,2,RCOMPSs,4.3.1,41.365,19.669,61.034
KMEANS_RESULTS,1,40000000,10,10,40,normal,200,1e-09,2,RCOMPSs,4.3.1,46.019,15.792,61.811
KMEANS_RESULTS,1,40000000,10,10,40,normal,200,1e-09,2,RCOMPSs,4.3.1,42.566,16.721,59.287
KMEANS_RESULTS,1,50000000,10,10,10,normal,200,1e-09,2,RCOMPSs,4.3.1,55.801,35.357,91.158
KMEANS_RESULTS,1,50000000,10,10,10,normal,200,1e-09,2,RCOMPSs,4.3.1,55.433,34.654,90.087
KMEANS_RESULTS,1,50000000,10,10,20,normal,200,1e-09,2,RCOMPSs,4.3.1,55.032,24.141,79.173
KMEANS_RESULTS,1,50000000,10,10,20,normal,200,1e-09,2,RCOMPSs,4.3.1,53.988,21.211,75.199
KMEANS_RESULTS,1,50000000,10,10,40,normal,200,1e-09,2,RCOMPSs,4.3.1,58.822,21.134,79.956
KMEANS_RESULTS,1,50000000,10,10,40,normal,200,1e-09,2,RCOMPSs,4.3.1,54.707,21.375,76.082
KMEANS_RESULTS,1,60000000,10,10,10,normal,200,1e-09,2,RCOMPSs,4.3.1,65.539,41.184,106.723
KMEANS_RESULTS,1,60000000,10,10,10,normal,200,1e-09,2,RCOMPSs,4.3.1,62.36,39.162,101.522
KMEANS_RESULTS,1,60000000,10,10,20,normal,200,1e-09,2,RCOMPSs,4.3.1,66.547,27.63,94.177
KMEANS_RESULTS,1,60000000,10,10,20,normal,200,1e-09,2,RCOMPSs,4.3.1,63.394,26.3,89.694
KMEANS_RESULTS,1,60000000,10,10,30,normal,200,1e-09,2,RCOMPSs,4.3.1,64.48,26.51,90.99
KMEANS_RESULTS,1,60000000,10,10,30,normal,200,1e-09,2,RCOMPSs,4.3.1,62.101,25.159,87.26
KMEANS_RESULTS,1,60000000,10,10,40,normal,200,1e-09,2,RCOMPSs,4.3.1,65.48,25.436,90.916
KMEANS_RESULTS,1,60000000,10,10,40,normal,200,1e-09,2,RCOMPSs,4.3.1,62.035,25.367,87.402
KMEANS_RESULTS,1,70000000,10,10,10,normal,200,1e-09,2,RCOMPSs,4.3.1,76.561,47.212,123.773
KMEANS_RESULTS,1,70000000,10,10,10,normal,200,1e-09,2,RCOMPSs,4.3.1,73.863,46.81,120.673
KMEANS_RESULTS,1,70000000,10,10,20,normal,200,1e-09,2,RCOMPSs,4.3.1,80.075,31.275,111.35
KMEANS_RESULTS,1,70000000,10,10,20,normal,200,1e-09,2,RCOMPSs,4.3.1,74.521,32.852,107.373
KMEANS_RESULTS,1,70000000,10,10,40,normal,200,1e-09,2,RCOMPSs,4.3.1,81.732,27.557,109.289
KMEANS_RESULTS,1,70000000,10,10,40,normal,200,1e-09,2,RCOMPSs,4.3.1,76.828,28.039,104.867
KMEANS_RESULTS,1,80000000,10,10,10,normal,200,1e-09,2,RCOMPSs,4.3.1,91.197,55.669,146.866
KMEANS_RESULTS,1,80000000,10,10,10,normal,200,1e-09,2,RCOMPSs,4.3.1,85.868,51.645,137.513
KMEANS_RESULTS,1,80000000,10,10,20,normal,200,1e-09,2,RCOMPSs,4.3.1,95.194,36.756,131.95
KMEANS_RESULTS,1,80000000,10,10,20,normal,200,1e-09,2,RCOMPSs,4.3.1,86.703,37.721,124.424
KMEANS_RESULTS,1,80000000,10,10,40,normal,200,1e-09,2,RCOMPSs,4.3.1,95.841,33.455,129.296
KMEANS_RESULTS,1,80000000,10,10,40,normal,200,1e-09,2,RCOMPSs,4.3.1,86.376,33.827,120.203
KMEANS_RESULTS,1,90000000,10,10,10,normal,200,1e-09,2,RCOMPSs,4.3.1,100.435,60.746,161.181
KMEANS_RESULTS,1,90000000,10,10,10,normal,200,1e-09,2,RCOMPSs,4.3.1,99.403,60.844,160.248
KMEANS_RESULTS,1,90000000,10,10,20,normal,200,1e-09,2,RCOMPSs,4.3.1,100.159,43.401,143.56
KMEANS_RESULTS,1,90000000,10,10,20,normal,200,1e-09,2,RCOMPSs,4.3.1,101.024,35.867,136.891
KMEANS_RESULTS,1,90000000,10,10,30,normal,200,1e-09,2,RCOMPSs,4.3.1,98.039,36.633,134.672
KMEANS_RESULTS,1,90000000,10,10,30,normal,200,1e-09,2,RCOMPSs,4.3.1,97.758,34.656,132.414
KMEANS_RESULTS,1,90000000,10,10,40,normal,200,1e-09,2,RCOMPSs,4.3.1,100.694,36.833,137.527
KMEANS_RESULTS,1,90000000,10,10,40,normal,200,1e-09,2,RCOMPSs,4.3.1,101.716,42.045,143.761
KMEANS_RESULTS,1,100000000,10,10,10,normal,200,1e-09,2,RCOMPSs,4.3.1,114.109,71.561,185.67
KMEANS_RESULTS,1,100000000,10,10,10,normal,200,1e-09,2,RCOMPSs,4.3.1,111.463,68.223,179.686
KMEANS_RESULTS,1,100000000,10,10,20,normal,200,1e-09,2,RCOMPSs,4.3.1,112.004,46.018,158.022
KMEANS_RESULTS,1,100000000,10,10,20,normal,200,1e-09,2,RCOMPSs,4.3.1,110.712,43.601,154.313
KMEANS_RESULTS,1,100000000,10,10,40,normal,200,1e-09,2,RCOMPSs,4.3.1,119.266,40.619,159.885
KMEANS_RESULTS,1,100000000,10,10,40,normal,200,1e-09,2,RCOMPSs,4.3.1,110.524,41.804,152.329
KMEANS_RESULTS,1,20000000,10,10,10,normal,200,1e-09,2,R_default,4.4.1,19.977,21.672,41.649
KMEANS_RESULTS,1,20000000,10,10,10,normal,200,1e-09,2,R_default,4.4.1,21.834,21.346,43.18
KMEANS_RESULTS,1,20000000,10,10,20,normal,200,1e-09,2,R_default,4.4.1,19.63,21.205,40.835
KMEANS_RESULTS,1,20000000,10,10,20,normal,200,1e-09,2,R_default,4.4.1,19.902,21.615,41.517
KMEANS_RESULTS,1,20000000,10,10,40,normal,200,1e-09,2,R_default,4.4.1,19.905,21.323,41.228
KMEANS_RESULTS,1,20000000,10,10,40,normal,200,1e-09,2,R_default,4.4.1,20.151,21.982,42.133
KMEANS_RESULTS,1,30000000,10,10,10,normal,200,1e-09,2,R_default,4.4.1,31.916,34.337,66.253
KMEANS_RESULTS,1,30000000,10,10,10,normal,200,1e-09,2,R_default,4.4.1,31.161,34.545,65.706
KMEANS_RESULTS,1,30000000,10,10,20,normal,200,1e-09,2,R_default,4.4.1,32.074,34.499,66.573
KMEANS_RESULTS,1,30000000,10,10,20,normal,200,1e-09,2,R_default,4.4.1,31.213,34.548,65.761
KMEANS_RESULTS,1,30000000,10,10,30,normal,200,1e-09,2,R_default,4.4.1,32.224,34.334,66.558
KMEANS_RESULTS,1,30000000,10,10,30,normal,200,1e-09,2,R_default,4.4.1,30.735,33.856,64.591
KMEANS_RESULTS,1,30000000,10,10,40,normal,200,1e-09,2,R_default,4.4.1,31.338,33.472,64.81
KMEANS_RESULTS,1,30000000,10,10,40,normal,200,1e-09,2,R_default,4.4.1,30.559,33.281,63.84
KMEANS_RESULTS,1,40000000,10,10,10,normal,200,1e-09,2,R_default,4.4.1,42.094,53.483,95.577
KMEANS_RESULTS,1,40000000,10,10,10,normal,200,1e-09,2,R_default,4.4.1,40.72,53.67,94.39
KMEANS_RESULTS,1,40000000,10,10,20,normal,200,1e-09,2,R_default,4.4.1,42.19,53.69,95.88
KMEANS_RESULTS,1,40000000,10,10,20,normal,200,1e-09,2,R_default,4.4.1,41.208,54.216,95.424
KMEANS_RESULTS,1,40000000,10,10,40,normal,200,1e-09,2,R_default,4.4.1,42.65,53.834,96.484
KMEANS_RESULTS,1,40000000,10,10,40,normal,200,1e-09,2,R_default,4.4.1,41.082,53.685,94.767
KMEANS_RESULTS,1,50000000,10,10,10,normal,200,1e-09,2,R_default,4.4.1,52.747,44.43,97.177
KMEANS_RESULTS,1,50000000,10,10,10,normal,200,1e-09,2,R_default,4.4.1,52.449,44.802,97.251
KMEANS_RESULTS,1,50000000,10,10,20,normal,200,1e-09,2,R_default,4.4.1,53.558,45.285,98.843
KMEANS_RESULTS,1,50000000,10,10,20,normal,200,1e-09,2,R_default,4.4.1,54.38,45.63,100.01
KMEANS_RESULTS,1,50000000,10,10,40,normal,200,1e-09,2,R_default,4.4.1,55.195,45.623,100.818
KMEANS_RESULTS,1,50000000,10,10,40,normal,200,1e-09,2,R_default,4.4.1,54.069,45.557,99.626
KMEANS_RESULTS,1,60000000,10,10,10,normal,200,1e-09,2,R_default,4.4.1,64.556,65.714,130.27
KMEANS_RESULTS,1,60000000,10,10,10,normal,200,1e-09,2,R_default,4.4.1,63.216,65.816,129.032
KMEANS_RESULTS,1,60000000,10,10,20,normal,200,1e-09,2,R_default,4.4.1,64.704,65.787,130.491
KMEANS_RESULTS,1,60000000,10,10,20,normal,200,1e-09,2,R_default,4.4.1,63.744,65.752,129.496
KMEANS_RESULTS,1,60000000,10,10,30,normal,200,1e-09,2,R_default,4.4.1,64.074,64.69,128.764
KMEANS_RESULTS,1,60000000,10,10,30,normal,200,1e-09,2,R_default,4.4.1,63.543,67.61,131.153
KMEANS_RESULTS,1,60000000,10,10,40,normal,200,1e-09,2,R_default,4.4.1,65.959,66.597,132.556
KMEANS_RESULTS,1,60000000,10,10,40,normal,200,1e-09,2,R_default,4.4.1,62.947,64.996,127.943
KMEANS_RESULTS,1,70000000,10,10,10,normal,200,1e-09,2,R_default,4.4.1,75.034,67.181,142.215
KMEANS_RESULTS,1,70000000,10,10,10,normal,200,1e-09,2,R_default,4.4.1,73.78,68.167,141.947
KMEANS_RESULTS,1,70000000,10,10,20,normal,200,1e-09,2,R_default,4.4.1,75.428,66.797,142.225
KMEANS_RESULTS,1,70000000,10,10,20,normal,200,1e-09,2,R_default,4.4.1,73.924,67.099,141.023
KMEANS_RESULTS,1,70000000,10,10,40,normal,200,1e-09,2,R_default,4.4.1,75.924,68.484,144.408
KMEANS_RESULTS,1,70000000,10,10,40,normal,200,1e-09,2,R_default,4.4.1,76.096,69.204,145.3
KMEANS_RESULTS,1,80000000,10,10,10,normal,200,1e-09,2,R_default,4.4.1,86.599,73.605,160.204
KMEANS_RESULTS,1,80000000,10,10,10,normal,200,1e-09,2,R_default,4.4.1,85.269,73.844,159.113
KMEANS_RESULTS,1,80000000,10,10,20,normal,200,1e-09,2,R_default,4.4.1,85.384,72.653,158.037
KMEANS_RESULTS,1,80000000,10,10,20,normal,200,1e-09,2,R_default,4.4.1,84.796,73.832,158.628
KMEANS_RESULTS,1,80000000,10,10,40,normal,200,1e-09,2,R_default,4.4.1,86.45,72.787,159.237
KMEANS_RESULTS,1,80000000,10,10,40,normal,200,1e-09,2,R_default,4.4.1,84.647,73.375,158.022
KMEANS_RESULTS,1,90000000,10,10,10,normal,200,1e-09,2,R_default,4.4.1,99.146,69.468,168.614
KMEANS_RESULTS,1,90000000,10,10,10,normal,200,1e-09,2,R_default,4.4.1,98.157,68,166.157
KMEANS_RESULTS,1,90000000,10,10,20,normal,200,1e-09,2,R_default,4.4.1,107.651,67.724,175.375
KMEANS_RESULTS,1,90000000,10,10,20,normal,200,1e-09,2,R_default,4.4.1,97.02,68.468,165.488
KMEANS_RESULTS,1,90000000,10,10,30,normal,200,1e-09,2,R_default,4.4.1,98.282,67.453,165.735
KMEANS_RESULTS,1,90000000,10,10,30,normal,200,1e-09,2,R_default,4.4.1,97.164,67.145,164.309
KMEANS_RESULTS,1,90000000,10,10,40,normal,200,1e-09,2,R_default,4.4.1,110.243,72.976,183.219
KMEANS_RESULTS,1,90000000,10,10,40,normal,200,1e-09,2,R_default,4.4.1,97.75,68.603,166.353
KMEANS_RESULTS,1,100000000,10,10,10,normal,200,1e-09,2,R_default,4.4.1,108.489,82.752,191.241
KMEANS_RESULTS,1,100000000,10,10,10,normal,200,1e-09,2,R_default,4.4.1,107.586,82.231,189.817
KMEANS_RESULTS,1,100000000,10,10,20,normal,200,1e-09,2,R_default,4.4.1,107.016,81.71,188.726
KMEANS_RESULTS,1,100000000,10,10,20,normal,200,1e-09,2,R_default,4.4.1,108.379,84.114,192.493
KMEANS_RESULTS,1,100000000,10,10,40,normal,200,1e-09,2,R_default,4.4.1,111.328,81.961,193.289
KMEANS_RESULTS,1,100000000,10,10,40,normal,200,1e-09,2,R_default,4.4.1,108.11,83.152,191.262
KMEANS_RESULTS,1,100000000,10,10,10,normal,200,1e-09,2,R_default,4.4.1,112.106,84.516,196.622
KMEANS_RESULTS,1,100000000,10,10,10,normal,200,1e-09,2,R_default,4.4.1,111.242,83.918,195.16
KMEANS_RESULTS,1,100000000,10,10,25,normal,200,1e-09,2,R_default,4.4.1,112.982,85.562,198.544
KMEANS_RESULTS,1,100000000,10,10,25,normal,200,1e-09,2,R_default,4.4.1,110.809,84.206,195.015
KMEANS_RESULTS,1,100000000,10,10,50,normal,200,1e-09,2,R_default,4.4.1,106.581,82.034,188.615
KMEANS_RESULTS,1,100000000,10,10,50,normal,200,1e-09,2,R_default,4.4.1,107.203,82.361,189.564
KMEANS_RESULTS,1,100000000,10,10,100,normal,200,1e-09,2,R_default,4.4.1,109.81,83.428,193.238
KMEANS_RESULTS,1,100000000,10,10,100,normal,200,1e-09,2,R_default,4.4.1,108.075,82.159,190.234
KMEANS_RESULTS,1,100000000,10,10,200,normal,200,1e-09,2,R_default,4.4.1,111.365,83.033,194.398
KMEANS_RESULTS,1,100000000,10,10,200,normal,200,1e-09,2,R_default,4.4.1,110.802,84.832,195.634
KMEANS_RESULTS,1,150000000,10,10,10,normal,200,1e-09,2,R_default,4.4.1,166.833,99.611,266.444
KMEANS_RESULTS,1,150000000,10,10,10,normal,200,1e-09,2,R_default,4.4.1,166.892,100.595,267.487
KMEANS_RESULTS,1,150000000,10,10,25,normal,200,1e-09,2,R_default,4.4.1,163.889,99.926,263.815
KMEANS_RESULTS,1,150000000,10,10,25,normal,200,1e-09,2,R_default,4.4.1,166.391,100.038,266.429
KMEANS_RESULTS,1,150000000,10,10,50,normal,200,1e-09,2,R_default,4.4.1,163.459,100.307,263.766
KMEANS_RESULTS,1,150000000,10,10,50,normal,200,1e-09,2,R_default,4.4.1,168.249,100.543,268.792
KMEANS_RESULTS,1,150000000,10,10,100,normal,200,1e-09,2,R_default,4.4.1,167.021,100.069,267.09
KMEANS_RESULTS,1,150000000,10,10,100,normal,200,1e-09,2,R_default,4.4.1,168.044,101.115,269.159
KMEANS_RESULTS,1,150000000,10,10,150,normal,200,1e-09,2,R_default,4.4.1,172.773,100.916,273.689
KMEANS_RESULTS,1,150000000,10,10,150,normal,200,1e-09,2,R_default,4.4.1,171.86,100.568,272.429
KMEANS_RESULTS,1,150000000,10,10,200,normal,200,1e-09,2,R_default,4.4.1,173.784,101.262,275.046
KMEANS_RESULTS,1,150000000,10,10,200,normal,200,1e-09,2,R_default,4.4.1,173.884,101.073,274.957
KMEANS_RESULTS,1,100000000,10,10,10,normal,200,1e-09,2,R_sequential,4.4.1,112.752,557.918,670.67
KMEANS_RESULTS,1,100000000,10,10,10,normal,200,1e-09,2,R_sequential,4.4.1,112.934,551.726,664.66
KMEANS_RESULTS,1,100000000,10,10,25,normal,200,1e-09,2,R_sequential,4.4.1,114.633,518.773,633.406
KMEANS_RESULTS,1,100000000,10,10,25,normal,200,1e-09,2,R_sequential,4.4.1,110.29,519.72,630.01
KMEANS_RESULTS,1,100000000,10,10,50,normal,200,1e-09,2,R_sequential,4.4.1,117.281,491.609,608.89
KMEANS_RESULTS,1,100000000,10,10,50,normal,200,1e-09,2,R_sequential,4.4.1,109.909,505.944,615.853
KMEANS_RESULTS,1,100000000,10,10,100,normal,200,1e-09,2,R_sequential,4.4.1,116.153,471.734,587.887
KMEANS_RESULTS,1,100000000,10,10,100,normal,200,1e-09,2,R_sequential,4.4.1,116.445,465.707,582.152
KMEANS_RESULTS,1,100000000,10,10,200,normal,200,1e-09,2,R_sequential,4.4.1,115.004,447.789,562.793
KMEANS_RESULTS,1,100000000,10,10,200,normal,200,1e-09,2,R_sequential,4.4.1,113.541,436.643,550.184
KMEANS_RESULTS,1,150000000,10,10,10,normal,200,1e-09,2,R_sequential,4.4.1,171.901,837.005,1008.906
KMEANS_RESULTS,1,150000000,10,10,10,normal,200,1e-09,2,R_sequential,4.4.1,173.768,815.263,989.031
KMEANS_RESULTS,1,150000000,10,10,25,normal,200,1e-09,2,R_sequential,4.4.1,172.607,798.91,971.517
KMEANS_RESULTS,1,150000000,10,10,25,normal,200,1e-09,2,R_sequential,4.4.1,169.791,803.003,972.794
KMEANS_RESULTS,1,150000000,10,10,50,normal,200,1e-09,2,R_sequential,4.4.1,172.95,781.432,954.382
KMEANS_RESULTS,1,150000000,10,10,50,normal,200,1e-09,2,R_sequential,4.4.1,169.168,782.612,951.78
KMEANS_RESULTS,1,150000000,10,10,100,normal,200,1e-09,2,R_sequential,4.4.1,187.407,740.794,928.201
KMEANS_RESULTS,1,150000000,10,10,100,normal,200,1e-09,2,R_sequential,4.4.1,165.834,752.406,918.24
KMEANS_RESULTS,1,150000000,10,10,150,normal,200,1e-09,2,R_sequential,4.4.1,184.445,636.933,821.378
KMEANS_RESULTS,1,150000000,10,10,150,normal,200,1e-09,2,R_sequential,4.4.1,166.672,665.667,832.339
KMEANS_RESULTS,1,150000000,10,10,200,normal,200,1e-09,2,R_sequential,4.4.1,173.544,737.594,911.138
KMEANS_RESULTS,1,150000000,10,10,200,normal,200,1e-09,2,R_sequential,4.4.1,173.744,702.471,876.215
KMEANS_RESULTS,1,200000000,10,10,10,normal,200,1e-09,2,R_sequential,4.4.1,227.297,1109.26,1336.557
KMEANS_RESULTS,1,200000000,10,10,10,normal,200,1e-09,2,R_sequential,4.4.1,227.845,1098.759,1326.604
KMEANS_RESULTS,1,200000000,10,10,25,normal,200,1e-09,2,R_sequential,4.4.1,228.144,1099.048,1327.192
KMEANS_RESULTS,1,200000000,10,10,25,normal,200,1e-09,2,R_sequential,4.4.1,226.874,1060.694,1287.568
KMEANS_RESULTS,1,200000000,10,10,50,normal,200,1e-09,2,R_sequential,4.4.1,228.454,1034.121,1262.575
KMEANS_RESULTS,1,200000000,10,10,50,normal,200,1e-09,2,R_sequential,4.4.1,228.859,1043.189,1272.048
KMEANS_RESULTS,1,200000000,10,10,100,normal,200,1e-09,2,R_sequential,4.4.1,229.355,995.476,1224.831
KMEANS_RESULTS,1,200000000,10,10,100,normal,200,1e-09,2,R_sequential,4.4.1,228.626,998.44,1227.066
KMEANS_RESULTS,1,200000000,10,10,200,normal,200,1e-09,2,R_sequential,4.4.1,230.854,876.69,1107.544
KMEANS_RESULTS,1,200000000,10,10,200,normal,200,1e-09,2,R_sequential,4.4.1,229.844,896.451,1126.295
KMEANS_RESULTS,1,250000000,10,10,10,normal,200,1e-09,2,R_sequential,4.4.1,278.76,1339.252,1618.012
KMEANS_RESULTS,1,250000000,10,10,10,normal,200,1e-09,2,R_sequential,4.4.1,279.829,1337.1,1616.929
KMEANS_RESULTS,1,250000000,10,10,25,normal,200,1e-09,2,R_sequential,4.4.1,279.589,1322.02,1601.609
KMEANS_RESULTS,1,250000000,10,10,25,normal,200,1e-09,2,R_sequential,4.4.1,282.012,1348.554,1630.566
KMEANS_RESULTS,1,250000000,10,10,50,normal,200,1e-09,2,R_sequential,4.4.1,289.747,1372.498,1662.245
KMEANS_RESULTS,1,250000000,10,10,50,normal,200,1e-09,2,R_sequential,4.4.1,305.3,1308.385,1613.685
KMEANS_RESULTS,1,250000000,10,10,100,normal,200,1e-09,2,R_sequential,4.4.1,288.685,1240.896,1529.581
KMEANS_RESULTS,1,250000000,10,10,100,normal,200,1e-09,2,R_sequential,4.4.1,285.754,1260.94,1546.694
KMEANS_RESULTS,1,250000000,10,10,200,normal,200,1e-09,2,R_sequential,4.4.1,294.943,1270.233,1565.176
KMEANS_RESULTS,1,250000000,10,10,200,normal,200,1e-09,2,R_sequential,4.4.1,292.265,1173.805,1466.07
KMEANS_RESULTS,1,300000000,10,10,10,normal,200,1e-09,2,R_sequential,4.4.1,343.271,1658.061,2001.332
KMEANS_RESULTS,1,300000000,10,10,10,normal,200,1e-09,2,R_sequential,4.4.1,344.531,1655.39,1999.921
KMEANS_RESULTS,1,300000000,10,10,25,normal,200,1e-09,2,R_sequential,4.4.1,340.767,1612.153,1952.92
KMEANS_RESULTS,1,300000000,10,10,25,normal,200,1e-09,2,R_sequential,4.4.1,336.588,1647.582,1984.17
KMEANS_RESULTS,1,300000000,10,10,50,normal,200,1e-09,2,R_sequential,4.4.1,342.768,1573.378,1916.146
KMEANS_RESULTS,1,300000000,10,10,50,normal,200,1e-09,2,R_sequential,4.4.1,340.47,1578.546,1919.017
KMEANS_RESULTS,1,300000000,10,10,100,normal,200,1e-09,2,R_sequential,4.4.1,343.985,1520.886,1864.871
KMEANS_RESULTS,1,300000000,10,10,100,normal,200,1e-09,2,R_sequential,4.4.1,346.774,1525.975,1872.749
KMEANS_RESULTS,1,300000000,10,10,150,normal,200,1e-09,2,R_sequential,4.4.1,347.376,1500.526,1847.902
KMEANS_RESULTS,1,300000000,10,10,150,normal,200,1e-09,2,R_sequential,4.4.1,349.155,1498.618,1847.773
KMEANS_RESULTS,1,300000000,10,10,200,normal,200,1e-09,2,R_sequential,4.4.1,347.453,1463.258,1810.711
KMEANS_RESULTS,1,300000000,10,10,200,normal,200,1e-09,2,R_sequential,4.4.1,348.012,1339.32,1687.332
KMEANS_RESULTS,1,350000000,10,10,10,normal,200,1e-09,2,R_sequential,4.4.1,400.362,1991.162,2391.524
KMEANS_RESULTS,1,350000000,10,10,10,normal,200,1e-09,2,R_sequential,4.4.1,405.839,1970.954,2376.793
KMEANS_RESULTS,1,350000000,10,10,25,normal,200,1e-09,2,R_sequential,4.4.1,407.686,1901.336,2309.022
KMEANS_RESULTS,1,350000000,10,10,25,normal,200,1e-09,2,R_sequential,4.4.1,404.307,1935.576,2339.883
KMEANS_RESULTS,1,350000000,10,10,50,normal,200,1e-09,2,R_sequential,4.4.1,402.812,1866.177,2268.989
KMEANS_RESULTS,1,350000000,10,10,50,normal,200,1e-09,2,R_sequential,4.4.1,402.282,1870.336,2272.618
KMEANS_RESULTS,1,350000000,10,10,100,normal,200,1e-09,2,R_sequential,4.4.1,397.095,1790.016,2187.111
KMEANS_RESULTS,1,350000000,10,10,100,normal,200,1e-09,2,R_sequential,4.4.1,402.813,1784.952,2187.765
KMEANS_RESULTS,1,350000000,10,10,200,normal,200,1e-09,2,R_sequential,4.4.1,398.256,1674.12,2072.376
KMEANS_RESULTS,1,350000000,10,10,200,normal,200,1e-09,2,R_sequential,4.4.1,406.052,1628.17,2034.222
KMEANS_RESULTS,1,400000000,10,10,10,normal,200,1e-09,2,R_sequential,4.4.1,456.42,2202.138,2658.558
KMEANS_RESULTS,1,400000000,10,10,10,normal,200,1e-09,2,R_sequential,4.4.1,463.602,2199.784,2663.386
KMEANS_RESULTS,1,400000000,10,10,25,normal,200,1e-09,2,R_sequential,4.4.1,458.332,2181.567,2639.899
KMEANS_RESULTS,1,400000000,10,10,25,normal,200,1e-09,2,R_sequential,4.4.1,459.284,2215.337,2674.621
KMEANS_RESULTS,1,400000000,10,10,50,normal,200,1e-09,2,R_sequential,4.4.1,459.886,2195.517,2655.403
KMEANS_RESULTS,1,400000000,10,10,50,normal,200,1e-09,2,R_sequential,4.4.1,461.356,2156.534,2617.89
KMEANS_RESULTS,1,400000000,10,10,100,normal,200,1e-09,2,R_sequential,4.4.1,461.405,2051.861,2513.266
KMEANS_RESULTS,1,400000000,10,10,100,normal,200,1e-09,2,R_sequential,4.4.1,460.576,2071.312,2531.888
KMEANS_RESULTS,1,400000000,10,10,200,normal,200,1e-09,2,R_sequential,4.4.1,470.213,2006.351,2476.564
KMEANS_RESULTS,1,400000000,10,10,200,normal,200,1e-09,2,R_sequential,4.4.1,470.683,1895.558,2366.241
KMEANS_RESULTS,1,450000000,10,10,10,normal,200,1e-09,2,R_sequential,4.4.1,514.865,2498.941,3013.806
KMEANS_RESULTS,1,450000000,10,10,10,normal,200,1e-09,2,R_sequential,4.4.1,529.398,2491.077,3020.475
KMEANS_RESULTS,1,450000000,10,10,25,normal,200,1e-09,2,R_sequential,4.4.1,514.224,2453.94,2968.164
KMEANS_RESULTS,1,450000000,10,10,25,normal,200,1e-09,2,R_sequential,4.4.1,524.587,2485.446,3010.033
KMEANS_RESULTS,1,450000000,10,10,50,normal,200,1e-09,2,R_sequential,4.4.1,519.481,2443.022,2962.503
KMEANS_RESULTS,1,450000000,10,10,50,normal,200,1e-09,2,R_sequential,4.4.1,523.772,2443.728,2967.5
KMEANS_RESULTS,1,450000000,10,10,100,normal,200,1e-09,2,R_sequential,4.4.1,519.745,2336.531,2856.276
KMEANS_RESULTS,1,450000000,10,10,100,normal,200,1e-09,2,R_sequential,4.4.1,526.156,2341.086,2867.242
KMEANS_RESULTS,1,450000000,10,10,150,normal,200,1e-09,2,R_sequential,4.4.1,527.508,2294.935,2822.443
KMEANS_RESULTS,1,450000000,10,10,150,normal,200,1e-09,2,R_sequential,4.4.1,527.997,2315.425,2843.422
KMEANS_RESULTS,1,450000000,10,10,200,normal,200,1e-09,2,R_sequential,4.4.1,529.858,2244.794,2774.652
KMEANS_RESULTS,1,450000000,10,10,200,normal,200,1e-09,2,R_sequential,4.4.1,527.927,2257.469,2785.396
KMEANS_RESULTS,1,500000000,10,10,10,normal,200,1e-09,2,R_sequential,4.4.1,569.639,2899.64,3469.279
KMEANS_RESULTS,1,500000000,10,10,10,normal,200,1e-09,2,R_sequential,4.4.1,593.264,2813.116,3406.38
KMEANS_RESULTS,1,500000000,10,10,25,normal,200,1e-09,2,R_sequential,4.4.1,568.216,2675.919,3244.135
KMEANS_RESULTS,1,500000000,10,10,25,normal,200,1e-09,2,R_sequential,4.4.1,642.854,2763.14,3405.994
KMEANS_RESULTS,1,500000000,10,10,50,normal,200,1e-09,2,R_sequential,4.4.1,570.129,2666.652,3236.781
KMEANS_RESULTS,1,500000000,10,10,50,normal,200,1e-09,2,R_sequential,4.4.1,641.859,2746.476,3388.335
KMEANS_RESULTS,1,500000000,10,10,100,normal,200,1e-09,2,R_sequential,4.4.1,623.318,2624.308,3247.626
KMEANS_RESULTS,1,500000000,10,10,100,normal,200,1e-09,2,R_sequential,4.4.1,650.417,2634.374,3284.791
KMEANS_RESULTS,1,500000000,10,10,200,normal,200,1e-09,2,R_sequential,4.4.1,629.882,2471.97,3101.852
KMEANS_RESULTS,1,500000000,10,10,200,normal,200,1e-09,2,R_sequential,4.4.1,710.407,2677.494,3387.901
KMEANS_RESULTS,1,100000000,10,10,10,normal,200,1e-09,10,R_sequential,4.4.1,114.931,546.674,661.605
KMEANS_RESULTS,1,100000000,10,10,10,normal,200,1e-09,10,R_sequential,4.4.1,112.965,542.421,655.386
KMEANS_RESULTS,1,100000000,10,10,25,normal,200,1e-09,10,R_sequential,4.4.1,113.522,514.617,628.139
KMEANS_RESULTS,1,100000000,10,10,25,normal,200,1e-09,10,R_sequential,4.4.1,112.105,521.616,633.721
KMEANS_RESULTS,1,100000000,10,10,50,normal,200,1e-09,10,R_sequential,4.4.1,112.959,503.324,616.283
KMEANS_RESULTS,1,100000000,10,10,50,normal,200,1e-09,10,R_sequential,4.4.1,114.035,515.177,629.212
KMEANS_RESULTS,1,100000000,10,10,100,normal,200,1e-09,10,R_sequential,4.4.1,117.334,473.516,590.85
KMEANS_RESULTS,1,100000000,10,10,100,normal,200,1e-09,10,R_sequential,4.4.1,120.273,464.997,585.27
KMEANS_RESULTS,1,100000000,10,10,200,normal,200,1e-09,10,R_sequential,4.4.1,117.245,424.036,541.281
KMEANS_RESULTS,1,100000000,10,10,200,normal,200,1e-09,10,R_sequential,4.4.1,114.189,423.771,537.96
KMEANS_RESULTS,1,150000000,10,10,10,normal,200,1e-09,10,R_sequential,4.4.1,175.028,859.855,1034.883
KMEANS_RESULTS,1,150000000,10,10,10,normal,200,1e-09,10,R_sequential,4.4.1,169.405,828.222,997.627
KMEANS_RESULTS,1,150000000,10,10,25,normal,200,1e-09,10,R_sequential,4.4.1,183.286,804.344,987.63
KMEANS_RESULTS,1,150000000,10,10,25,normal,200,1e-09,10,R_sequential,4.4.1,170.249,803.671,973.92
KMEANS_RESULTS,1,150000000,10,10,50,normal,200,1e-09,10,R_sequential,4.4.1,177.038,780.161,957.2
KMEANS_RESULTS,1,150000000,10,10,50,normal,200,1e-09,10,R_sequential,4.4.1,171.564,777.024,948.588
KMEANS_RESULTS,1,150000000,10,10,100,normal,200,1e-09,10,R_sequential,4.4.1,184.344,740.331,924.675
KMEANS_RESULTS,1,150000000,10,10,100,normal,200,1e-09,10,R_sequential,4.4.1,167.542,734.566,902.108
KMEANS_RESULTS,1,150000000,10,10,150,normal,200,1e-09,10,R_sequential,4.4.1,172.851,658.079,830.93
KMEANS_RESULTS,1,150000000,10,10,150,normal,200,1e-09,10,R_sequential,4.4.1,171.411,720.098,891.509
KMEANS_RESULTS,1,150000000,10,10,200,normal,200,1e-09,10,R_sequential,4.4.1,173.303,751.923,925.226
KMEANS_RESULTS,1,150000000,10,10,200,normal,200,1e-09,10,R_sequential,4.4.1,174.118,696.221,870.339
KMEANS_RESULTS,1,200000000,10,10,10,normal,200,1e-09,10,R_sequential,4.4.1,222.286,1085.168,1307.454
KMEANS_RESULTS,1,200000000,10,10,10,normal,200,1e-09,10,R_sequential,4.4.1,226.556,1072.601,1299.157
KMEANS_RESULTS,1,200000000,10,10,25,normal,200,1e-09,10,R_sequential,4.4.1,222.515,1078.836,1301.351
KMEANS_RESULTS,1,200000000,10,10,25,normal,200,1e-09,10,R_sequential,4.4.1,224.191,1042.511,1266.702
KMEANS_RESULTS,1,200000000,10,10,50,normal,200,1e-09,10,R_sequential,4.4.1,224.748,1005.484,1230.232
KMEANS_RESULTS,1,200000000,10,10,50,normal,200,1e-09,10,R_sequential,4.4.1,222.292,1016.935,1239.227
KMEANS_RESULTS,1,200000000,10,10,100,normal,200,1e-09,10,R_sequential,4.4.1,226.819,971.448,1198.267
KMEANS_RESULTS,1,200000000,10,10,100,normal,200,1e-09,10,R_sequential,4.4.1,219.548,985.096,1204.644
KMEANS_RESULTS,1,200000000,10,10,200,normal,200,1e-09,10,R_sequential,4.4.1,229.63,856.975,1086.605
KMEANS_RESULTS,1,200000000,10,10,200,normal,200,1e-09,10,R_sequential,4.4.1,224.272,881.619,1105.891
KMEANS_RESULTS,1,250000000,10,10,10,normal,200,1e-09,10,R_sequential,4.4.1,300.703,1367.876,1668.58
KMEANS_RESULTS,1,250000000,10,10,10,normal,200,1e-09,10,R_sequential,4.4.1,285.83,1370.919,1656.749
KMEANS_RESULTS,1,250000000,10,10,25,normal,200,1e-09,10,R_sequential,4.4.1,283.776,1351.715,1635.491
KMEANS_RESULTS,1,250000000,10,10,25,normal,200,1e-09,10,R_sequential,4.4.1,286.267,1369.538,1655.805
KMEANS_RESULTS,1,250000000,10,10,50,normal,200,1e-09,10,R_sequential,4.4.1,289.959,1360.626,1650.585
KMEANS_RESULTS,1,250000000,10,10,50,normal,200,1e-09,10,R_sequential,4.4.1,286.365,1305.961,1592.326
KMEANS_RESULTS,1,250000000,10,10,100,normal,200,1e-09,10,R_sequential,4.4.1,285.009,1225.24,1510.25
KMEANS_RESULTS,1,250000000,10,10,100,normal,200,1e-09,10,R_sequential,4.4.1,285.284,1252.468,1537.752
KMEANS_RESULTS,1,250000000,10,10,200,normal,200,1e-09,10,R_sequential,4.4.1,293.536,1269.588,1563.124
KMEANS_RESULTS,1,250000000,10,10,200,normal,200,1e-09,10,R_sequential,4.4.1,312.049,1152.051,1464.1
KMEANS_RESULTS,1,300000000,10,10,10,normal,200,1e-09,10,R_sequential,4.4.1,339.442,1636.896,1976.338
KMEANS_RESULTS,1,300000000,10,10,10,normal,200,1e-09,10,R_sequential,4.4.1,340.78,1639.582,1980.362
KMEANS_RESULTS,1,300000000,10,10,25,normal,200,1e-09,10,R_sequential,4.4.1,338.404,1599.105,1937.509
KMEANS_RESULTS,1,300000000,10,10,25,normal,200,1e-09,10,R_sequential,4.4.1,339.32,1605.864,1945.184
KMEANS_RESULTS,1,300000000,10,10,50,normal,200,1e-09,10,R_sequential,4.4.1,337.77,1564.894,1902.664
KMEANS_RESULTS,1,300000000,10,10,50,normal,200,1e-09,10,R_sequential,4.4.1,341.205,1570.412,1911.617
KMEANS_RESULTS,1,300000000,10,10,100,normal,200,1e-09,10,R_sequential,4.4.1,344.559,1506.719,1851.278
KMEANS_RESULTS,1,300000000,10,10,100,normal,200,1e-09,10,R_sequential,4.4.1,341.522,1515.874,1857.396
KMEANS_RESULTS,1,300000000,10,10,150,normal,200,1e-09,10,R_sequential,4.4.1,343.658,1473.701,1817.359
KMEANS_RESULTS,1,300000000,10,10,150,normal,200,1e-09,10,R_sequential,4.4.1,344.821,1466.481,1811.302
KMEANS_RESULTS,1,300000000,10,10,200,normal,200,1e-09,10,R_sequential,4.4.1,345.501,1450.719,1796.22
KMEANS_RESULTS,1,300000000,10,10,200,normal,200,1e-09,10,R_sequential,4.4.1,345.932,1414.959,1760.891
KMEANS_RESULTS,1,350000000,10,10,10,normal,200,1e-09,10,R_sequential,4.4.1,396.475,1977.443,2373.918
KMEANS_RESULTS,1,350000000,10,10,10,normal,200,1e-09,10,R_sequential,4.4.1,399.6,1958.49,2358.09
KMEANS_RESULTS,1,350000000,10,10,25,normal,200,1e-09,10,R_sequential,4.4.1,393.38,1873.757,2267.137
KMEANS_RESULTS,1,350000000,10,10,25,normal,200,1e-09,10,R_sequential,4.4.1,398.54,1905.108,2303.648
KMEANS_RESULTS,1,350000000,10,10,50,normal,200,1e-09,10,R_sequential,4.4.1,400.437,1856.836,2257.273
KMEANS_RESULTS,1,350000000,10,10,50,normal,200,1e-09,10,R_sequential,4.4.1,400.806,1863.061,2263.867
KMEANS_RESULTS,1,350000000,10,10,100,normal,200,1e-09,10,R_sequential,4.4.1,406.864,1764.463,2171.327
KMEANS_RESULTS,1,350000000,10,10,100,normal,200,1e-09,10,R_sequential,4.4.1,402.991,1779.325,2182.316
KMEANS_RESULTS,1,350000000,10,10,200,normal,200,1e-09,10,R_sequential,4.4.1,407.938,1670.585,2078.523
KMEANS_RESULTS,1,350000000,10,10,200,normal,200,1e-09,10,R_sequential,4.4.1,407.349,1635.429,2042.778
KMEANS_RESULTS,1,400000000,10,10,10,normal,200,1e-09,10,R_sequential,4.4.1,455.272,2169.773,2625.045
KMEANS_RESULTS,1,400000000,10,10,10,normal,200,1e-09,10,R_sequential,4.4.1,458.383,2181.97,2640.353
KMEANS_RESULTS,1,400000000,10,10,25,normal,200,1e-09,10,R_sequential,4.4.1,456.204,2164.361,2620.565
KMEANS_RESULTS,1,400000000,10,10,25,normal,200,1e-09,10,R_sequential,4.4.1,456.754,2193.557,2650.311
KMEANS_RESULTS,1,400000000,10,10,50,normal,200,1e-09,10,R_sequential,4.4.1,456.857,2167.758,2624.615
KMEANS_RESULTS,1,400000000,10,10,50,normal,200,1e-09,10,R_sequential,4.4.1,453.252,2117.163,2570.415
KMEANS_RESULTS,1,400000000,10,10,100,normal,200,1e-09,10,R_sequential,4.4.1,456.307,2020.915,2477.222
KMEANS_RESULTS,1,400000000,10,10,100,normal,200,1e-09,10,R_sequential,4.4.1,454.204,2039.142,2493.346
KMEANS_RESULTS,1,400000000,10,10,200,normal,200,1e-09,10,R_sequential,4.4.1,465.461,1963.446,2428.907
KMEANS_RESULTS,1,400000000,10,10,200,normal,200,1e-09,10,R_sequential,4.4.1,461.19,1852.375,2313.565
KMEANS_RESULTS,1,450000000,10,10,10,normal,200,1e-09,10,R_sequential,4.4.1,505.278,2455.97,2961.248
KMEANS_RESULTS,1,450000000,10,10,10,normal,200,1e-09,10,R_sequential,4.4.1,513.913,2428.341,2942.254
KMEANS_RESULTS,1,450000000,10,10,25,normal,200,1e-09,10,R_sequential,4.4.1,514.347,2429.088,2943.435
KMEANS_RESULTS,1,450000000,10,10,25,normal,200,1e-09,10,R_sequential,4.4.1,520.111,2457.305,2977.416
KMEANS_RESULTS,1,450000000,10,10,50,normal,200,1e-09,10,R_sequential,4.4.1,503.165,2379.663,2882.828
KMEANS_RESULTS,1,450000000,10,10,50,normal,200,1e-09,10,R_sequential,4.4.1,512.075,2390.956,2903.031
KMEANS_RESULTS,1,450000000,10,10,100,normal,200,1e-09,10,R_sequential,4.4.1,515.203,2269.26,2784.463
KMEANS_RESULTS,1,450000000,10,10,100,normal,200,1e-09,10,R_sequential,4.4.1,509.894,2297.45,2807.344
KMEANS_RESULTS,1,450000000,10,10,150,normal,200,1e-09,10,R_sequential,4.4.1,514.724,2263.849,2778.573
KMEANS_RESULTS,1,450000000,10,10,150,normal,200,1e-09,10,R_sequential,4.4.1,522.952,2266.458,2789.41
KMEANS_RESULTS,1,450000000,10,10,200,normal,200,1e-09,10,R_sequential,4.4.1,520.813,2216.205,2737.018
KMEANS_RESULTS,1,450000000,10,10,200,normal,200,1e-09,10,R_sequential,4.4.1,520.543,2237.455,2757.998
KMEANS_RESULTS,1,500000000,10,10,10,normal,200,1e-09,10,R_sequential,4.4.1,569.885,2801.354,3371.239
KMEANS_RESULTS,1,500000000,10,10,10,normal,200,1e-09,10,R_sequential,4.4.1,651.949,3062.098,3714.047
KMEANS_RESULTS,1,500000000,10,10,25,normal,200,1e-09,10,R_sequential,4.4.1,577.523,2744.132,3321.655
KMEANS_RESULTS,1,500000000,10,10,25,normal,200,1e-09,10,R_sequential,4.4.1,594.925,2788.537,3383.462
KMEANS_RESULTS,1,500000000,10,10,50,normal,200,1e-09,10,R_sequential,4.4.1,582.329,2712.834,3295.163
KMEANS_RESULTS,1,500000000,10,10,50,normal,200,1e-09,10,R_sequential,4.4.1,600.758,2769.248,3370.006
KMEANS_RESULTS,1,500000000,10,10,100,normal,200,1e-09,10,R_sequential,4.4.1,580.237,2708.858,3289.095
KMEANS_RESULTS,1,500000000,10,10,100,normal,200,1e-09,10,R_sequential,4.4.1,611.297,2661.499,3272.796
KMEANS_RESULTS,1,500000000,10,10,200,normal,200,1e-09,10,R_sequential,4.4.1,590.643,2513.415,3104.058
KMEANS_RESULTS,1,500000000,10,10,200,normal,200,1e-09,10,R_sequential,4.4.1,609.638,2689.894,3299.532
KMEANS_RESULTS,1,100000000,10,10,10,normal,200,1e-09,10,RCOMPSs,4.3.1,109.514,71.795,181.309
KMEANS_RESULTS,1,100000000,10,10,10,normal,200,1e-09,10,RCOMPSs,4.3.1,107.549,65.946,173.495
KMEANS_RESULTS,1,100000000,10,10,20,normal,200,1e-09,10,RCOMPSs,4.3.1,109.78,44.918,154.698
KMEANS_RESULTS,1,100000000,10,10,20,normal,200,1e-09,10,RCOMPSs,4.3.1,107.101,48.683,155.784
KMEANS_RESULTS,1,100000000,10,10,40,normal,200,1e-09,10,RCOMPSs,4.3.1,108.918,39.88,148.798
KMEANS_RESULTS,1,100000000,10,10,40,normal,200,1e-09,10,RCOMPSs,4.3.1,108.494,39.988,148.482
KMEANS_RESULTS,1,100000000,10,10,50,normal,200,1e-09,10,RCOMPSs,4.3.1,113.01,39.949,152.959
KMEANS_RESULTS,1,100000000,10,10,50,normal,200,1e-09,10,RCOMPSs,4.3.1,107.672,42.31,149.982
KMEANS_RESULTS,1,100000000,10,10,100,normal,200,1e-09,10,RCOMPSs,4.3.1,114.322,37.157,151.479
KMEANS_RESULTS,1,100000000,10,10,100,normal,200,1e-09,10,RCOMPSs,4.3.1,106.203,38.395,144.598
KMEANS_RESULTS,1,100000000,10,10,200,normal,200,1e-09,10,RCOMPSs,4.3.1,121.699,31.583,153.282
KMEANS_RESULTS,1,100000000,10,10,200,normal,200,1e-09,10,RCOMPSs,4.3.1,112.228,28.637,140.865
KMEANS_RESULTS,1,150000000,10,10,10,normal,200,1e-09,10,RCOMPSs,4.3.1,176.579,106.313,282.892
KMEANS_RESULTS,1,150000000,10,10,10,normal,200,1e-09,10,RCOMPSs,4.3.1,169.308,93.481,262.789
KMEANS_RESULTS,1,150000000,10,10,20,normal,200,1e-09,10,RCOMPSs,4.3.1,161.417,71.22,232.637
KMEANS_RESULTS,1,150000000,10,10,20,normal,200,1e-09,10,RCOMPSs,4.3.1,164.09,67.519,231.609
KMEANS_RESULTS,1,150000000,10,10,30,normal,200,1e-09,10,RCOMPSs,4.3.1,172.811,61.022,233.833
KMEANS_RESULTS,1,150000000,10,10,30,normal,200,1e-09,10,RCOMPSs,4.3.1,164.385,68.801,233.186
KMEANS_RESULTS,1,150000000,10,10,40,normal,200,1e-09,10,RCOMPSs,4.3.1,168.722,58.209,226.931
KMEANS_RESULTS,1,150000000,10,10,40,normal,200,1e-09,10,RCOMPSs,4.3.1,169.494,63.372,232.866
KMEANS_RESULTS,1,150000000,10,10,50,normal,200,1e-09,10,RCOMPSs,4.3.1,169.635,58.409,228.044
KMEANS_RESULTS,1,150000000,10,10,50,normal,200,1e-09,10,RCOMPSs,4.3.1,166.781,62.545,229.326
KMEANS_RESULTS,1,150000000,10,10,100,normal,200,1e-09,10,RCOMPSs,4.3.1,167.05,59.513,226.563
KMEANS_RESULTS,1,100000000,10,10,10,normal,200,1e-09,10,RCOMPSs,4.3.1,109.514,71.795,181.309
KMEANS_RESULTS,1,100000000,10,10,10,normal,200,1e-09,10,RCOMPSs,4.3.1,107.549,65.946,173.495
KMEANS_RESULTS,1,100000000,10,10,20,normal,200,1e-09,10,RCOMPSs,4.3.1,109.78,44.918,154.698
KMEANS_RESULTS,1,100000000,10,10,20,normal,200,1e-09,10,RCOMPSs,4.3.1,107.101,48.683,155.784
KMEANS_RESULTS,1,100000000,10,10,40,normal,200,1e-09,10,RCOMPSs,4.3.1,108.918,39.88,148.798
KMEANS_RESULTS,1,100000000,10,10,40,normal,200,1e-09,10,RCOMPSs,4.3.1,108.494,39.988,148.482
KMEANS_RESULTS,1,100000000,10,10,50,normal,200,1e-09,10,RCOMPSs,4.3.1,113.01,39.949,152.959
KMEANS_RESULTS,1,100000000,10,10,50,normal,200,1e-09,10,RCOMPSs,4.3.1,107.672,42.31,149.982
KMEANS_RESULTS,1,100000000,10,10,100,normal,200,1e-09,10,RCOMPSs,4.3.1,114.322,37.157,151.479
KMEANS_RESULTS,1,100000000,10,10,100,normal,200,1e-09,10,RCOMPSs,4.3.1,106.203,38.395,144.598
KMEANS_RESULTS,1,100000000,10,10,200,normal,200,1e-09,10,RCOMPSs,4.3.1,121.699,31.583,153.282
KMEANS_RESULTS,1,100000000,10,10,200,normal,200,1e-09,10,RCOMPSs,4.3.1,112.228,28.637,140.865
KMEANS_RESULTS,1,150000000,10,10,10,normal,200,1e-09,10,RCOMPSs,4.3.1,176.579,106.313,282.892
KMEANS_RESULTS,1,150000000,10,10,10,normal,200,1e-09,10,RCOMPSs,4.3.1,169.308,93.481,262.789
KMEANS_RESULTS,1,150000000,10,10,20,normal,200,1e-09,10,RCOMPSs,4.3.1,161.417,71.22,232.637
KMEANS_RESULTS,1,150000000,10,10,20,normal,200,1e-09,10,RCOMPSs,4.3.1,164.09,67.519,231.609
KMEANS_RESULTS,1,150000000,10,10,30,normal,200,1e-09,10,RCOMPSs,4.3.1,172.811,61.022,233.833
KMEANS_RESULTS,1,150000000,10,10,30,normal,200,1e-09,10,RCOMPSs,4.3.1,164.385,68.801,233.186
KMEANS_RESULTS,1,150000000,10,10,40,normal,200,1e-09,10,RCOMPSs,4.3.1,168.722,58.209,226.931
KMEANS_RESULTS,1,150000000,10,10,40,normal,200,1e-09,10,RCOMPSs,4.3.1,169.494,63.372,232.866
KMEANS_RESULTS,1,150000000,10,10,50,normal,200,1e-09,10,RCOMPSs,4.3.1,169.635,58.409,228.044
KMEANS_RESULTS,1,150000000,10,10,50,normal,200,1e-09,10,RCOMPSs,4.3.1,166.781,62.545,229.326
KMEANS_RESULTS,1,150000000,10,10,100,normal,200,1e-09,10,RCOMPSs,4.3.1,167.05,59.513,226.563
KMEANS_RESULTS,1,150000000,10,10,100,normal,200,1e-09,10,RCOMPSs,4.3.1,166.668,61.664,228.332
KMEANS_RESULTS,1,150000000,10,10,200,normal,200,1e-09,10,RCOMPSs,4.3.1,166.567,49.883,216.45
KMEANS_RESULTS,1,150000000,10,10,200,normal,200,1e-09,10,RCOMPSs,4.3.1,168.616,48.896,217.513
KMEANS_RESULTS,1,200000000,10,10,10,normal,200,1e-09,10,RCOMPSs,4.3.1,221.201,137.507,358.708
KMEANS_RESULTS,1,200000000,10,10,10,normal,200,1e-09,10,RCOMPSs,4.3.1,222.613,139.033,361.646
KMEANS_RESULTS,1,200000000,10,10,20,normal,200,1e-09,10,RCOMPSs,4.3.1,218.919,99.555,318.474
KMEANS_RESULTS,1,200000000,10,10,20,normal,200,1e-09,10,RCOMPSs,4.3.1,227.86,93.896,321.756
KMEANS_RESULTS,1,200000000,10,10,40,normal,200,1e-09,10,RCOMPSs,4.3.1,237.593,78.049,315.642
KMEANS_RESULTS,1,200000000,10,10,40,normal,200,1e-09,10,RCOMPSs,4.3.1,227.634,83.173,310.808
KMEANS_RESULTS,1,200000000,10,10,50,normal,200,1e-09,10,RCOMPSs,4.3.1,230.705,75.844,306.549
KMEANS_RESULTS,1,200000000,10,10,50,normal,200,1e-09,10,RCOMPSs,4.3.1,240.989,88.686,329.675
KMEANS_RESULTS,1,200000000,10,10,100,normal,200,1e-09,10,RCOMPSs,4.3.1,235.511,79.751,315.262
KMEANS_RESULTS,1,200000000,10,10,100,normal,200,1e-09,10,RCOMPSs,4.3.1,225.401,82.829,308.23
KMEANS_RESULTS,1,200000000,10,10,200,normal,200,1e-09,10,RCOMPSs,4.3.1,230.99,71.811,302.801
KMEANS_RESULTS,1,200000000,10,10,200,normal,200,1e-09,10,RCOMPSs,4.3.1,225.095,72.855,297.95
KMEANS_RESULTS,1,250000000,10,10,10,normal,200,1e-09,10,RCOMPSs,4.3.1,281.616,184.326,465.942
KMEANS_RESULTS,1,250000000,10,10,10,normal,200,1e-09,10,RCOMPSs,4.3.1,308.33,170.654,478.984
KMEANS_RESULTS,1,250000000,10,10,20,normal,200,1e-09,10,RCOMPSs,4.3.1,273.956,119.437,393.393
KMEANS_RESULTS,1,250000000,10,10,20,normal,200,1e-09,10,RCOMPSs,4.3.1,289.544,127.904,417.448
KMEANS_RESULTS,1,250000000,10,10,40,normal,200,1e-09,10,RCOMPSs,4.3.1,285.509,94.045,379.554
KMEANS_RESULTS,1,250000000,10,10,40,normal,200,1e-09,10,RCOMPSs,4.3.1,294.173,106.899,401.072
KMEANS_RESULTS,1,250000000,10,10,50,normal,200,1e-09,10,RCOMPSs,4.3.1,297.426,98.045,395.471
KMEANS_RESULTS,1,250000000,10,10,50,normal,200,1e-09,10,RCOMPSs,4.3.1,299.199,102.634,401.833
KMEANS_RESULTS,1,250000000,10,10,100,normal,200,1e-09,10,RCOMPSs,4.3.1,280.173,92.405,372.578
KMEANS_RESULTS,1,250000000,10,10,100,normal,200,1e-09,10,RCOMPSs,4.3.1,287.197,96.482,383.679
KMEANS_RESULTS,1,250000000,10,10,200,normal,200,1e-09,10,RCOMPSs,4.3.1,296.661,94.416,391.077
KMEANS_RESULTS,1,250000000,10,10,200,normal,200,1e-09,10,RCOMPSs,4.3.1,288.313,92.752,381.065
KMEANS_RESULTS,1,300000000,10,10,10,normal,200,1e-09,10,RCOMPSs,4.3.1,358.055,231.385,589.44
KMEANS_RESULTS,1,300000000,10,10,10,normal,200,1e-09,10,RCOMPSs,4.3.1,373.791,252.12,625.911
KMEANS_RESULTS,1,300000000,10,10,20,normal,200,1e-09,10,RCOMPSs,4.3.1,356.714,150.875,507.589
KMEANS_RESULTS,1,300000000,10,10,20,normal,200,1e-09,10,RCOMPSs,4.3.1,374.636,157.81,532.446
KMEANS_RESULTS,1,300000000,10,10,30,normal,200,1e-09,10,RCOMPSs,4.3.1,356.033,137.695,493.728
KMEANS_RESULTS,1,300000000,10,10,30,normal,200,1e-09,10,RCOMPSs,4.3.1,374.477,185.71,560.187
KMEANS_RESULTS,1,300000000,10,10,40,normal,200,1e-09,10,RCOMPSs,4.3.1,351.527,130.722,482.249
KMEANS_RESULTS,1,300000000,10,10,40,normal,200,1e-09,10,RCOMPSs,4.3.1,385.238,172.324,557.562
KMEANS_RESULTS,1,300000000,10,10,50,normal,200,1e-09,10,RCOMPSs,4.3.1,346.644,117.009,463.653
KMEANS_RESULTS,1,300000000,10,10,50,normal,200,1e-09,10,RCOMPSs,4.3.1,374.12,156.073,530.193
KMEANS_RESULTS,1,300000000,10,10,100,normal,200,1e-09,10,RCOMPSs,4.3.1,353.78,113.125,466.905
KMEANS_RESULTS,1,300000000,10,10,100,normal,200,1e-09,10,RCOMPSs,4.3.1,350.559,115.195,465.754
KMEANS_RESULTS,1,300000000,10,10,200,normal,200,1e-09,10,RCOMPSs,4.3.1,368.389,114.593,482.982
KMEANS_RESULTS,1,300000000,10,10,200,normal,200,1e-09,10,RCOMPSs,4.3.1,354.886,116.057,470.943
KMEANS_RESULTS,1,350000000,10,10,10,normal,200,1e-09,10,RCOMPSs,4.3.1,407.193,315.315,722.508
KMEANS_RESULTS,1,350000000,10,10,20,normal,200,1e-09,10,RCOMPSs,4.3.1,426.644,227.305,653.949
KMEANS_RESULTS,1,350000000,10,10,20,normal,200,1e-09,10,RCOMPSs,4.3.1,447.416,358.606,806.023
KMEANS_RESULTS,1,350000000,10,10,40,normal,200,1e-09,10,RCOMPSs,4.3.1,400.885,195.76,596.645
KMEANS_RESULTS,1,350000000,10,10,40,normal,200,1e-09,10,RCOMPSs,4.3.1,447.115,313.365,760.48
KMEANS_RESULTS,1,350000000,10,10,50,normal,200,1e-09,10,RCOMPSs,4.3.1,408.944,178.087,587.031
KMEANS_RESULTS,1,350000000,10,10,50,normal,200,1e-09,10,RCOMPSs,4.3.1,443.375,244.254,687.629
KMEANS_RESULTS,1,350000000,10,10,100,normal,200,1e-09,10,RCOMPSs,4.3.1,421.166,138.825,559.991
KMEANS_RESULTS,1,350000000,10,10,100,normal,200,1e-09,10,RCOMPSs,4.3.1,407.439,146.079,553.518
KMEANS_RESULTS,1,350000000,10,10,200,normal,200,1e-09,10,RCOMPSs,4.3.1,411.764,135.211,546.976
KMEANS_RESULTS,1,350000000,10,10,200,normal,200,1e-09,10,RCOMPSs,4.3.1,416.869,138.626,555.495
KMEANS_RESULTS,1,400000000,10,10,10,normal,200,1e-09,10,RCOMPSs,4.3.1,456.048,603.737,1059.786
KMEANS_RESULTS,1,400000000,10,10,20,normal,200,1e-09,10,RCOMPSs,4.3.1,471.732,326.224,797.956
KMEANS_RESULTS,1,400000000,10,10,20,normal,200,1e-09,10,RCOMPSs,4.3.1,510.256,580.597,1090.853
KMEANS_RESULTS,1,400000000,10,10,40,normal,200,1e-09,10,RCOMPSs,4.3.1,472.188,321.758,793.947
KMEANS_RESULTS,1,400000000,10,10,50,normal,200,1e-09,10,RCOMPSs,4.3.1,493.333,257.669,751.004
KMEANS_RESULTS,1,400000000,10,10,100,normal,200,1e-09,10,RCOMPSs,4.3.1,482.887,197.693,680.58
KMEANS_RESULTS,1,400000000,10,10,100,normal,200,1e-09,10,RCOMPSs,4.3.1,506.814,224.254,731.069
KMEANS_RESULTS,1,400000000,10,10,200,normal,200,1e-09,10,RCOMPSs,4.3.1,491.978,154.536,646.514
KMEANS_RESULTS,1,400000000,10,10,200,normal,200,1e-09,10,RCOMPSs,4.3.1,491.611,159.864,651.475
KMEANS_RESULTS,1,450000000,10,10,20,normal,200,1e-09,10,RCOMPSs,4.3.1,536.058,419.754,955.814
KMEANS_RESULTS,1,450000000,10,10,30,normal,200,1e-09,10,RCOMPSs,4.3.1,554.727,312.161,866.889
KMEANS_RESULTS,1,450000000,10,10,40,normal,200,1e-09,10,RCOMPSs,4.3.1,544.959,305.492,850.451
KMEANS_RESULTS,1,450000000,10,10,50,normal,200,1e-09,10,RCOMPSs,4.3.1,516.926,295.696,812.624
KMEANS_RESULTS,1,450000000,10,10,100,normal,200,1e-09,10,RCOMPSs,4.3.1,524.002,209.679,733.681
KMEANS_RESULTS,1,450000000,10,10,100,normal,200,1e-09,10,RCOMPSs,4.3.1,556.254,237.047,793.301
KMEANS_RESULTS,1,450000000,10,10,200,normal,200,1e-09,10,RCOMPSs,4.3.1,531.113,174.677,705.791
KMEANS_RESULTS,1,450000000,10,10,200,normal,200,1e-09,10,RCOMPSs,4.3.1,560.232,183.546,743.778
KMEANS_RESULTS,1,500000000,10,10,40,normal,200,1e-09,10,RCOMPSs,4.3.1,595.228,341.146,936.375
KMEANS_RESULTS,1,500000000,10,10,100,normal,200,1e-09,10,RCOMPSs,4.3.1,592.396,280.19,872.586
KMEANS_RESULTS,1,500000000,10,10,100,normal,200,1e-09,10,RCOMPSs,4.3.1,642.715,366.242,1008.957
KMEANS_RESULTS,1,500000000,10,10,200,normal,200,1e-09,10,RCOMPSs,4.3.1,607.349,210.517,817.866
KMEANS_RESULTS,1,500000000,10,10,200,normal,200,1e-09,10,RCOMPSs,4.3.1,669.052,202.425,871.477
